{"parent":"item/generated","textures":{"layer0":"item/bow"},"display":{"thirdperson_righthand":{"rotation":[-80,260,-40],"translation":[-1,-2,2.5],"scale":[0.9,0.9,0.9]},"thirdperson_lefthand":{"rotation":[-80,-280,40],"translation":[-1,-2,2.5],"scale":[0.9,0.9,0.9]},"firstperson_righthand":{"rotation":[0,-90,25],"translation":[1.13,3.2,1.13],"scale":[0.68,0.68,0.68]},"firstperson_lefthand":{"rotation":[0,90,-25],"translation":[1.13,3.2,1.13],"scale":[0.68,0.68,0.68]}},"overrides":[{"predicate":{"pulling":1},"model":"item/bow_pulling_0"},{"predicate":{"pulling":1,"pull":0.65},"model":"item/bow_pulling_1"},{"predicate":{"pulling":1,"pull":0.9},"model":"item/bow_pulling_2"},{"predicate":{"custom_model_data":10000},"model":"iasurvival:auto_generated/black_bow"},{"predicate":{"pulling":1,"custom_model_data":10000},"model":"iasurvival:auto_generated/black_bow_0"},{"predicate":{"pulling":1,"pull":0.65,"custom_model_data":10000},"model":"iasurvival:auto_generated/black_bow_1"},{"predicate":{"pulling":1,"pull":0.9,"custom_model_data":10000},"model":"iasurvival:auto_generated/black_bow_2"},{"predicate":{"custom_model_data":10001},"model":"iasurvival:auto_generated/red_bow"},{"predicate":{"pulling":1,"custom_model_data":10001},"model":"iasurvival:auto_generated/red_bow_0"},{"predicate":{"pulling":1,"pull":0.65,"custom_model_data":10001},"model":"iasurvival:auto_generated/red_bow_1"},{"predicate":{"pulling":1,"pull":0.9,"custom_model_data":10001},"model":"iasurvival:auto_generated/red_bow_2"},{"predicate":{"custom_model_data":10002},"model":"iasurvival:auto_generated/green_bow"},{"predicate":{"pulling":1,"custom_model_data":10002},"model":"iasurvival:auto_generated/green_bow_0"},{"predicate":{"pulling":1,"pull":0.65,"custom_model_data":10002},"model":"iasurvival:auto_generated/green_bow_1"},{"predicate":{"pulling":1,"pull":0.9,"custom_model_data":10002},"model":"iasurvival:auto_generated/green_bow_2"},{"predicate":{"custom_model_data":10003},"model":"iasurvival:auto_generated/blue_bow"},{"predicate":{"pulling":1,"custom_model_data":10003},"model":"iasurvival:auto_generated/blue_bow_0"},{"predicate":{"pulling":1,"pull":0.65,"custom_model_data":10003},"model":"iasurvival:auto_generated/blue_bow_1"},{"predicate":{"pulling":1,"pull":0.9,"custom_model_data":10003},"model":"iasurvival:auto_generated/blue_bow_2"},{"predicate":{"custom_model_data":10004},"model":"iasurvival:auto_generated/purple_bow"},{"predicate":{"pulling":1,"custom_model_data":10004},"model":"iasurvival:auto_generated/purple_bow_0"},{"predicate":{"pulling":1,"pull":0.65,"custom_model_data":10004},"model":"iasurvival:auto_generated/purple_bow_1"},{"predicate":{"pulling":1,"pull":0.9,"custom_model_data":10004},"model":"iasurvival:auto_generated/purple_bow_2"},{"predicate":{"custom_model_data":10005},"model":"iasurvival:auto_generated/cyan_bow"},{"predicate":{"pulling":1,"custom_model_data":10005},"model":"iasurvival:auto_generated/cyan_bow_0"},{"predicate":{"pulling":1,"pull":0.65,"custom_model_data":10005},"model":"iasurvival:auto_generated/cyan_bow_1"},{"predicate":{"pulling":1,"pull":0.9,"custom_model_data":10005},"model":"iasurvival:auto_generated/cyan_bow_2"},{"predicate":{"custom_model_data":10006},"model":"iaalchemy:auto_generated/astral_bow"},{"predicate":{"pulling":1,"custom_model_data":10006},"model":"iaalchemy:auto_generated/astral_bow_0"},{"predicate":{"pulling":1,"pull":0.65,"custom_model_data":10006},"model":"iaalchemy:auto_generated/astral_bow_1"},{"predicate":{"pulling":1,"pull":0.9,"custom_model_data":10006},"model":"iaalchemy:auto_generated/astral_bow_2"},{"predicate":{"custom_model_data":10007},"model":"minecraft:item/bow"}]}