{"parent":"minecraft:item/handheld","textures":{"layer0":"minecraft:item/diamond_sword"},"overrides":[{"predicate":{"custom_model_data":10000},"model":"iasurvival:auto_generated/emerald_sword"},{"predicate":{"custom_model_data":10001},"model":"iasurvival:auto_generated/bloodnite_sword"},{"predicate":{"custom_model_data":10002},"model":"iaalchemy:auto_generated/mysterious_sword"},{"predicate":{"custom_model_data":10003},"model":"iasurvival:auto_generated/ruby_sword"},{"predicate":{"custom_model_data":10004},"model":"iasurvival:auto_generated/vyderlight_sword"},{"predicate":{"custom_model_data":10005},"model":"iasurvival:auto_generated/aqualight_sword"},{"predicate":{"custom_model_data":10006},"model":"iasurvival:auto_generated/bronze_sword"},{"predicate":{"custom_model_data":10007},"model":"iasurvival:auto_generated/rusteroth_sword"},{"predicate":{"custom_model_data":10008},"model":"iasurvival:auto_generated/end_sword"},{"predicate":{"custom_model_data":10009},"model":"iasurvival:auto_generated/dark_amethyst_sword"},{"predicate":{"custom_model_data":10010},"model":"iasurvival:item/swords/firesword_sword"},{"predicate":{"custom_model_data":10011},"model":"minecraft:item/diamond_sword"}]}