{"parent":"item/generated","textures":{"layer0":"item/leather_boots","layer1":"item/leather_boots_overlay"},"overrides":[{"predicate":{"custom_model_data":10000},"model":"iasurvival:auto_generated/bronze_boots"},{"predicate":{"custom_model_data":10001},"model":"iasurvival:auto_generated/obsidian_boots"},{"predicate":{"custom_model_data":10002},"model":"iasurvival:auto_generated/dark_amethyst_boots"},{"predicate":{"custom_model_data":10003},"model":"iaalchemy:auto_generated/mysterious_boots"},{"predicate":{"custom_model_data":10004},"model":"iasurvival:auto_generated/ruby_boots"},{"predicate":{"custom_model_data":10005},"model":"minecraft:item/leather_boots"}]}